{"metadata":{"resultset":{"count":16,"offset":0,"limit":50,"locationcategoryid":"STATE"}},"results":[{"id":"LOCATION:1","name":"JOHOR","locationcategoryid":"STATE","latitude":1.4655,"longitude":103.7578},{"id":"LOCATION:2","name":"KEDAH","locationcategoryid":"STATE","latitude":6.12104,"longitude":100.36014},{"id":"LOCATION:3","name":"KELANTAN","locationcategoryid":"STATE","latitude":6.05666,"longitude":102.26451},{"id":"LOCATION:4","name":"KUALA LUMPUR","locationcategoryid":"STATE","latitude":3.1429996,"longitude":101.6947998},{"id":"LOCATION:5","name":"LABUAN","locationcategoryid":"STATE","latitude":4.890934,"longitude":114.942834},{"id":"LOCATION:6","name":"MELAKA","locationcategoryid":"STATE","latitude":2.2319263,"longitude":102.294251},{"id":"LOCATION:7","name":"NEGERI SEMBILAN","locationcategoryid":"STATE","latitude":2.7297,"longitude":101.9381},{"id":"LOCATION:8","name":"PAHANG","locationcategoryid":"STATE","latitude":3.8077,"longitude":103.326},{"id":"LOCATION:9","name":"PULAU PINANG","locationcategoryid":"STATE","latitude":5.41123,"longitude":100.33543},{"id":"LOCATION:10","name":"PERAK","locationcategoryid":"STATE","latitude":4.5841,"longitude":101.0829},{"id":"LOCATION:12","name":"PUTRAJAYA","locationcategoryid":"STATE","latitude":2.91667,"longitude":101.7},{"id":"LOCATION:13","name":"SABAH","locationcategoryid":"STATE","latitude":5.9749,"longitude":116.0724},{"id":"LOCATION:14","name":"SARAWAK","locationcategoryid":"STATE","latitude":1.58333,"longitude":110.33333},{"id":"LOCATION:15","name":"SELANGOR","locationcategoryid":"STATE","latitude":3.08507,"longitude":101.53281},{"id":"LOCATION:16","name":"TERENGGANU","locationcategoryid":"STATE","latitude":5.3302,"longitude":103.1408},{"id":"LOCATION:11","name":"PERLIS","locationcategoryid":"STATE","latitude":6.4407,"longitude":100.1979}]}